game,score,train_time,len_buff
1,630.0,6.934,10932
2,378.0,3.8974,12941
3,630.0,3.9321,14954
4,546.0,4.2368,17170
5,567.0,4.8606,19751
6,651.0,5.7617,22252
7,462.0,7.0297,25336
8,588.0,7.9026,28855
9,126.0,2.5517,29839
10,420.0,4.8348,31911
11,420.0,4.5955,33791
12,525.0,8.0663,37397
13,588.0,6.2981,40150
14,441.0,4.6403,42131
15,336.0,4.1963,43781
16,420.0,4.8502,45837
17,231.0,4.2486,47717
18,399.0,4.4639,49599
19,672.0,5.4036,51938
20,420.0,4.7443,53997
21,483.0,5.1053,56184
22,672.0,5.8141,58698
23,210.0,3.2992,60027
24,336.0,3.6948,61525
25,462.0,4.7943,63598
26,483.0,5.6468,66048
27,378.0,4.2844,67838
28,399.0,4.1369,69593
29,588.0,6.5451,72457
30,441.0,5.1667,74556
31,525.0,5.0376,76438
32,483.0,4.6372,78392
33,378.0,4.4078,80232
34,441.0,5.4438,82581
35,315.0,3.5394,84034
36,42.0,1.0224,84321
37,714.0,7.7551,87734
38,399.0,3.6544,89256
39,630.0,6.1764,91933
40,693.0,7.4546,95239
41,567.0,4.5549,97151
42,651.0,6.0526,99782
43,609.0,5.653,102206
44,273.0,3.1491,103518
45,462.0,5.6458,105740
46,252.0,4.3945,107587
47,609.0,8.2282,111144
48,231.0,3.2068,112432
49,672.0,5.3416,114799
1,462.0,4.2027,2137
2,672.0,4.9529,4731
3,441.0,4.8595,7285
4,294.0,3.8486,9252
5,672.0,5.9902,12431
6,399.0,4.3291,14054
7,714.0,6.9683,17144
8,189.0,1.984,17877
9,294.0,2.7748,19020
10,609.0,6.1605,21809
11,651.0,6.1854,24583
12,630.0,7.5428,27568
13,693.0,6.2899,30270
14,630.0,5.2792,32565
15,420.0,7.4098,34825
16,378.0,3.8071,36361
17,672.0,5.6903,38859
18,525.0,5.0744,41034
19,441.0,5.4454,43482
20,357.0,3.876,45149
21,357.0,4.37,47062
22,567.0,6.1448,49839
23,651.0,5.0986,52034
24,315.0,3.19,53368
25,630.0,6.1033,56117
26,651.0,7.2649,59347
27,609.0,6.3253,62202
28,630.0,5.1692,64442
29,609.0,5.6929,67005
30,399.0,4.2766,68887
31,630.0,5.5437,71339
32,756.0,6.1813,74077
33,420.0,3.5107,75605
34,588.0,5.9653,78290
35,630.0,6.2431,81105
36,651.0,5.4888,83512
37,630.0,9.3098,87718
38,567.0,4.8155,89862
39,357.0,4.3192,91741
40,651.0,6.3842,94600
41,399.0,3.6597,96168
42,651.0,7.2638,99417
43,672.0,5.729,101938
44,672.0,6.1866,104739
45,672.0,6.8053,107825
46,630.0,7.2054,110869
47,588.0,6.9994,113970
48,630.0,6.9235,116899
49,588.0,5.2228,119203
1,672.0,4.4178,2265
2,273.0,4.1648,4229
3,609.0,5.523,7081
4,231.0,2.6077,8403
5,399.0,4.5139,10777
6,651.0,5.6109,13217
7,399.0,4.0268,14838
8,672.0,6.5908,17841
9,441.0,4.1326,19678
10,609.0,6.8105,22820
11,210.0,2.4197,23791
12,462.0,5.718,26358
13,630.0,6.1118,29142
14,441.0,5.6266,31665
15,672.0,7.4706,35069
16,588.0,7.5381,38426
17,609.0,6.4959,41347
18,693.0,5.4464,43734
19,399.0,5.4306,46165
20,672.0,6.0821,48927
21,525.0,6.618,51880
22,399.0,3.6741,53501
23,21.0,1.1095,53840
24,546.0,7.0872,57053
25,63.0,1.8126,57696
26,189.0,3.0026,58899
27,567.0,4.7964,61044
28,630.0,7.1448,64260
29,651.0,6.2888,67142
30,672.0,6.8952,70287
31,693.0,7.1755,73525
32,672.0,7.4128,76784
33,357.0,3.2017,78121
34,546.0,5.6307,80650
35,336.0,3.5426,82149
36,651.0,5.2493,84421
37,651.0,5.2006,86713
38,231.0,3.5203,88247
39,567.0,5.9637,90949
40,672.0,6.2125,93772
41,525.0,5.2478,96130
42,651.0,5.9247,98764
43,546.0,5.2362,100892
44,672.0,7.9933,104476
45,609.0,5.6721,107004
46,630.0,6.5427,109940
47,630.0,6.3296,112803
48,609.0,6.5727,115788
49,693.0,5.6138,118327
1,609.0,4.6864,2433
2,630.0,4.6888,4892
3,231.0,2.4814,6136
4,588.0,5.6287,9124
5,420.0,4.2785,11127
6,210.0,3.2848,12508
7,525.0,4.9068,14698
8,567.0,6.8788,17809
9,315.0,4.2341,19265
10,609.0,8.1376,22962
11,630.0,7.9702,26521
12,651.0,7.639,29928
13,525.0,5.6801,32482
14,546.0,5.9162,35085
15,483.0,5.7513,37644
16,588.0,5.6033,40073
17,630.0,5.7186,42640
18,714.0,6.6299,45560
19,504.0,5.6337,48102
20,651.0,5.5725,50626
21,630.0,4.9135,52815
22,588.0,4.4829,54759
23,399.0,4.4093,56617
24,126.0,2.8005,57728
25,630.0,4.9622,59893
26,357.0,3.9353,61604
27,336.0,3.9641,63312
28,693.0,6.8969,66446
29,672.0,6.3681,69308
30,651.0,7.4366,72560
31,273.0,3.3695,73956
32,609.0,5.2409,76271
33,147.0,1.4801,76780
34,651.0,7.2078,80044
35,504.0,4.3746,81964
36,525.0,5.482,84444
37,609.0,7.8104,87931
38,231.0,2.3293,88901
39,588.0,5.0095,91128
40,273.0,3.6476,92684
41,588.0,7.0314,95913
42,378.0,4.6151,97954
43,546.0,4.9028,100136
44,672.0,6.8047,103240
45,273.0,2.9778,104418
46,399.0,4.653,106379
47,294.0,3.7272,107952
48,672.0,6.4436,110872
49,651.0,7.3722,114178
50,651.0,7.2609,117348
51,588.0,5.6115,119879
52,357.0,5.0858,122142
53,630.0,5.9917,124786
54,693.0,7.8115,128304
55,651.0,8.6813,132216
56,672.0,6.5891,135217
57,378.0,4.1012,137010
58,630.0,6.3828,139879
59,546.0,5.7227,142440
60,630.0,6.2587,145266
61,336.0,5.2267,147613
62,588.0,5.0182,149749
63,378.0,3.4101,151182
64,609.0,7.7046,154652
65,651.0,8.7654,158530
66,378.0,4.5538,160501
67,672.0,6.6221,163511
68,546.0,6.1657,166244
69,630.0,7.9745,169837
70,210.0,2.9913,171080
71,525.0,5.4185,173509
72,609.0,6.8896,176625
73,420.0,4.4005,178563
74,273.0,3.3341,179973
75,588.0,6.2296,182796
76,441.0,4.209,184529
77,504.0,3.4364,186000
78,672.0,5.1784,188321
79,231.0,2.2406,189178
80,189.0,2.7615,190289
81,399.0,4.9262,191948
82,504.0,5.7462,194511
83,588.0,6.1426,197295
84,651.0,7.9543,200000
85,357.0,4.57,200000
86,441.0,6.4626,200000
87,189.0,3.868,200000
88,441.0,4.3968,200000
89,147.0,3.2142,200000
90,651.0,6.0714,200000
91,462.0,5.2065,200000
92,630.0,6.6246,200000
93,651.0,7.6992,200000
94,231.0,4.813,200000
95,483.0,4.9149,200000
96,588.0,5.6553,200000
97,546.0,4.6028,200000
98,630.0,7.0382,200000
99,630.0,6.1519,200000
100,588.0,6.9476,200000
101,336.0,5.0231,200000
102,567.0,6.1288,200000
103,315.0,2.2607,200000
104,651.0,5.8288,200000
105,672.0,6.2766,200000
106,588.0,6.3801,200000
107,378.0,4.3334,200000
108,651.0,5.4872,200000
109,273.0,3.4542,200000
110,588.0,5.7431,200000
111,630.0,6.756,200000
112,693.0,4.8604,200000
113,546.0,5.4476,200000
114,630.0,6.186,200000
115,630.0,5.9146,200000
116,483.0,5.4546,200000
117,378.0,4.3083,200000
118,651.0,8.3645,200000
119,651.0,6.324,200000
120,357.0,4.0958,200000
121,546.0,5.2551,200000
122,588.0,8.3342,200000
123,609.0,6.6042,200000
124,609.0,6.4248,200000
125,399.0,4.4327,200000
126,567.0,5.3435,200000
127,651.0,6.2181,200000
128,378.0,4.1691,200000
129,420.0,4.4231,200000
130,567.0,5.6887,200000
131,546.0,7.9995,200000
132,504.0,7.6425,200000
133,336.0,3.2687,200000
134,609.0,6.4417,200000
135,336.0,4.1907,200000
136,630.0,5.5175,200000
137,609.0,6.7685,200000
138,672.0,5.5504,200000
139,588.0,4.6941,200000
140,651.0,7.0986,200000
141,672.0,5.8569,200000
142,630.0,6.1727,200000
143,399.0,4.0651,200000
144,651.0,7.0155,200000
145,294.0,3.9101,200000
146,588.0,5.0423,200000
147,525.0,4.5339,200000
148,441.0,4.6268,200000
149,630.0,6.9086,200000
150,651.0,6.2437,200000
151,441.0,7.3595,200000
152,630.0,6.1188,200000
153,441.0,4.2259,200000
154,420.0,4.7351,200000
155,294.0,3.67,200000
156,504.0,4.2299,200000
157,693.0,6.8896,200000
158,525.0,5.1222,200000
159,651.0,6.4097,200000
160,525.0,5.4689,200000
161,441.0,5.0724,200000
162,441.0,4.1145,200000
163,525.0,5.504,200000
164,210.0,3.4586,200000
165,630.0,5.9306,200000
166,672.0,5.8358,200000
167,399.0,4.7722,200000
168,462.0,4.8802,200000
169,336.0,2.7636,200000
170,672.0,6.2322,200000
171,399.0,4.0256,200000
172,483.0,4.6859,200000
173,651.0,7.1581,200000
174,420.0,4.1445,200000
175,630.0,7.0928,200000
176,651.0,9.7303,200000
177,567.0,4.9958,200000
178,651.0,6.8473,200000
179,672.0,5.7739,200000
180,651.0,6.6947,200000
181,567.0,6.2083,200000
182,504.0,6.2656,200000
183,630.0,9.0596,200000
184,630.0,6.7437,200000
185,441.0,4.0834,200000
186,441.0,4.3468,200000
187,504.0,4.8319,200000
188,504.0,5.7294,200000
189,672.0,8.2852,200000
190,672.0,6.5056,200000
191,525.0,4.3235,200000
192,399.0,4.9183,200000
193,441.0,5.8617,200000
194,399.0,4.7068,200000
195,168.0,2.1699,200000
196,168.0,2.4548,200000
197,483.0,4.7871,200000
198,567.0,7.3597,200000
199,294.0,4.1867,200000
200,189.0,2.8155,200000
201,294.0,3.5131,200000
202,441.0,5.2617,200000
203,378.0,3.5286,200000
204,651.0,8.0309,200000
205,294.0,3.1243,200000
206,546.0,6.4277,200000
207,630.0,6.3239,200000
208,630.0,5.3738,200000
209,630.0,5.6412,200000
210,609.0,6.0246,200000
211,483.0,5.2615,200000
212,399.0,4.6506,200000
213,483.0,3.598,200000
214,462.0,4.0422,200000
215,294.0,3.8299,200000
216,525.0,5.6539,200000
217,399.0,5.6118,200000
218,672.0,8.8647,200000
219,672.0,7.1133,200000
220,693.0,7.0367,200000
221,525.0,4.3545,200000
222,672.0,6.304,200000
223,483.0,4.4829,200000
224,651.0,6.5742,200000
225,588.0,7.1964,200000
226,420.0,3.5219,200000
227,168.0,2.4957,200000
228,399.0,4.5016,200000
229,462.0,4.5156,200000
230,441.0,3.9267,200000
231,399.0,4.6802,200000
232,462.0,4.7501,200000
233,504.0,6.1375,200000
234,525.0,5.714,200000
235,378.0,4.3983,200000
236,315.0,5.7323,200000
237,567.0,6.1676,200000
238,462.0,4.7908,200000
239,651.0,6.9295,200000
240,651.0,4.2483,200000
241,672.0,5.3042,200000
242,609.0,6.2512,200000
243,504.0,6.5664,200000
244,399.0,4.9246,200000
245,399.0,3.9003,200000
246,672.0,5.2195,200000
247,651.0,7.7861,200000
248,651.0,5.5488,200000
249,672.0,5.9065,200000
250,336.0,4.3267,200000
251,651.0,7.7128,200000
252,399.0,5.0688,200000
253,441.0,5.8739,200000
254,525.0,5.4588,200000
255,399.0,4.9619,200000
256,567.0,5.3761,200000
257,399.0,3.9232,200000
258,588.0,7.7834,200000
259,651.0,5.7175,200000
260,672.0,6.5844,200000
261,630.0,6.2091,200000
262,630.0,5.7603,200000
263,399.0,5.1082,200000
264,294.0,3.7782,200000
265,462.0,3.6655,200000
266,189.0,2.4853,200000
267,609.0,6.6386,200000
268,693.0,6.4252,200000
269,546.0,6.091,200000
270,504.0,4.5407,200000
271,630.0,7.7739,200000
272,399.0,3.3492,200000
273,714.0,6.3999,200000
274,630.0,6.3171,200000
275,441.0,4.589,200000
276,357.0,3.0031,200000
277,609.0,6.2255,200000
278,294.0,4.7089,200000
279,462.0,5.1262,200000
280,651.0,6.1888,200000
281,630.0,6.5179,200000
282,546.0,5.9702,200000
283,336.0,2.623,200000
284,399.0,4.0609,200000
285,399.0,3.1247,200000
286,609.0,6.6065,200000
287,672.0,6.9125,200000
288,525.0,3.9517,200000
289,357.0,3.1696,200000
290,609.0,7.731,200000
291,357.0,3.6389,200000
292,504.0,4.1723,200000
293,651.0,6.2857,200000
294,588.0,5.2081,200000
295,567.0,4.9024,200000
296,672.0,5.8829,200000
297,651.0,5.2866,200000
298,630.0,5.3126,200000
299,651.0,6.2497,200000
300,651.0,6.5082,200000
301,483.0,5.7153,200000
302,231.0,3.9309,200000
303,630.0,5.6906,200000
304,462.0,4.4905,200000
305,609.0,6.1389,200000
306,588.0,5.4485,200000
307,294.0,5.4513,200000
308,546.0,5.1947,200000
309,399.0,4.3148,200000
310,252.0,3.0567,200000
311,630.0,6.0222,200000
312,441.0,4.6439,200000
313,672.0,5.3769,200000
314,315.0,3.1359,200000
315,399.0,3.3665,200000
316,504.0,7.0405,200000
317,672.0,5.3369,200000
318,567.0,5.6071,200000
319,336.0,4.105,200000
320,189.0,3.9886,200000
321,441.0,4.1426,200000
322,630.0,7.5728,200000
323,399.0,2.9602,200000
324,672.0,6.3111,200000
325,546.0,5.5157,200000
326,399.0,4.7092,200000
327,651.0,7.0451,200000
328,609.0,4.9416,200000
329,168.0,2.062,200000
330,630.0,6.7881,200000
331,693.0,7.046,200000
332,168.0,2.2045,200000
333,399.0,4.1213,200000
334,651.0,5.6737,200000
335,651.0,6.5188,200000
336,420.0,3.9996,200000
337,378.0,5.51,200000
338,378.0,4.8735,200000
339,399.0,5.1632,200000
340,609.0,5.5946,200000
341,714.0,7.2308,200000
342,378.0,4.6103,200000
343,672.0,5.7079,200000
344,609.0,5.1614,200000
345,483.0,6.0145,200000
346,420.0,5.2715,200000
347,504.0,4.5502,200000
348,336.0,4.2138,200000
349,273.0,3.1344,200000
350,399.0,5.0542,200000
351,672.0,6.9727,200000
352,588.0,7.1761,200000
353,567.0,5.3229,200000
354,714.0,6.1725,200000
355,315.0,2.748,200000
356,399.0,4.2256,200000
357,504.0,3.6327,200000
358,420.0,3.9129,200000
359,651.0,5.5129,200000
360,651.0,6.758,200000
361,357.0,3.4242,200000
362,651.0,6.2342,200000
363,441.0,4.9586,200000
364,399.0,3.9794,200000
365,399.0,4.7078,200000
366,441.0,6.3141,200000
367,420.0,5.0091,200000
368,504.0,7.2225,200000
369,588.0,5.5401,200000
370,588.0,4.7957,200000
371,693.0,6.3922,200000
372,504.0,4.5066,200000
373,483.0,4.9054,200000
374,630.0,5.4912,200000
375,630.0,6.7907,200000
376,525.0,4.2669,200000
377,672.0,5.6089,200000
378,567.0,6.6615,200000
379,672.0,7.9765,200000
380,609.0,8.7058,200000
381,672.0,6.1763,200000
382,609.0,6.8315,200000
383,630.0,6.7285,200000
384,630.0,4.8123,200000
385,651.0,7.0623,200000
386,714.0,6.2111,200000
387,399.0,6.8666,200000
388,714.0,6.8243,200000
389,483.0,5.107,200000
390,693.0,5.4108,200000
391,588.0,7.1519,200000
392,294.0,3.8211,200000
393,378.0,5.0318,200000
394,399.0,3.9425,200000
395,546.0,6.9221,200000
396,672.0,6.1526,200000
397,630.0,5.3669,200000
398,588.0,6.5367,200000
399,546.0,6.0649,200000
400,546.0,7.8163,200000
401,441.0,5.358,200000
402,567.0,7.1952,200000
403,441.0,4.7449,200000
404,525.0,7.5847,200000
405,588.0,5.0343,200000
406,651.0,5.6746,200000
407,651.0,8.0346,200000
408,357.0,4.9903,200000
409,651.0,7.2715,200000
410,630.0,5.3593,200000
411,588.0,5.9627,200000
412,420.0,4.5256,200000
413,525.0,5.2358,200000
414,651.0,6.3219,200000
415,357.0,5.42,200000
416,420.0,4.6135,200000
417,672.0,6.8462,200000
418,651.0,6.5572,200000
419,609.0,8.5182,200000
420,462.0,3.6406,200000
421,651.0,6.5399,200000
422,189.0,3.7297,200000
423,609.0,5.8015,200000
424,567.0,5.2382,200000
425,546.0,5.3232,200000
426,420.0,4.6674,200000
427,546.0,6.3734,200000
428,651.0,5.9843,200000
429,693.0,7.8631,200000
430,651.0,6.1758,200000
431,546.0,4.5017,200000
432,336.0,3.6124,200000
433,483.0,4.3763,200000
434,399.0,3.2395,200000
435,378.0,5.0541,200000
436,651.0,6.9953,200000
437,630.0,6.7271,200000
438,609.0,6.3496,200000
439,693.0,6.5854,200000
440,693.0,5.4307,200000
441,504.0,6.4852,200000
442,399.0,5.1439,200000
443,210.0,3.3579,200000
444,189.0,2.2091,200000
445,651.0,7.2575,200000
446,462.0,6.0563,200000
447,168.0,2.1597,200000
448,609.0,5.7594,200000
449,651.0,9.0009,200000
450,189.0,2.9179,200000
451,504.0,4.9157,200000
452,693.0,5.039,200000
453,483.0,4.4125,200000
454,336.0,3.4657,200000
455,336.0,4.0444,200000
456,462.0,5.4851,200000
457,336.0,4.5429,200000
458,651.0,6.747,200000
459,651.0,5.8223,200000
460,609.0,5.269,200000
461,651.0,6.533,200000
462,336.0,4.2671,200000
463,672.0,7.6056,200000
464,651.0,5.8326,200000
465,609.0,6.6072,200000
466,651.0,7.0841,200000
467,483.0,7.2937,200000
468,630.0,7.2012,200000
469,651.0,6.9076,200000
470,651.0,6.539,200000
471,651.0,7.2369,200000
472,483.0,3.869,200000
473,651.0,7.425,200000
474,399.0,4.8293,200000
475,609.0,6.8664,200000
476,378.0,4.7436,200000
477,462.0,5.574,200000
478,651.0,8.1544,200000
479,210.0,2.33,200000
480,672.0,5.3453,200000
481,651.0,7.3162,200000
482,651.0,6.5305,200000
483,630.0,8.6479,200000
484,378.0,5.0764,200000
485,672.0,5.8073,200000
486,504.0,5.9009,200000
487,462.0,5.0029,200000
488,399.0,4.0421,200000
489,399.0,5.5797,200000
490,378.0,4.0675,200000
491,672.0,5.6329,200000
492,651.0,6.5983,200000
493,483.0,4.9738,200000
494,630.0,6.9477,200000
495,567.0,5.6628,200000
496,651.0,8.0847,200000
497,441.0,5.4195,200000
498,609.0,7.3213,200000
499,609.0,7.7234,200000
1,273.0,4.3813,1760
2,399.0,5.8074,4361
3,462.0,5.2478,6709
4,399.0,4.4906,8756
5,651.0,6.7752,11769
6,336.0,6.5598,13744
7,315.0,5.5234,15591
8,420.0,5.9341,17491
9,609.0,7.1907,19872
10,483.0,6.5415,22079
11,399.0,7.5913,24624
12,378.0,5.2321,26330
13,630.0,10.3437,29814
14,588.0,8.4231,32685
15,525.0,7.0956,35068
16,672.0,9.2649,38210
17,651.0,9.0128,41236
18,630.0,9.9099,44649
19,378.0,5.5629,46399
20,630.0,10.2183,49847
21,252.0,7.3752,52328
22,189.0,3.171,53318
23,567.0,7.5925,55872
24,588.0,6.4508,58056
25,483.0,6.6651,60309
26,609.0,7.8634,62882
27,609.0,11.3226,66183
28,399.0,6.5949,68360
29,672.0,7.8922,70995
30,567.0,8.0842,73734
31,651.0,8.83,76609
32,651.0,7.6537,79204
33,609.0,8.5118,82086
34,588.0,5.4715,83897
35,672.0,6.9727,86227
36,315.0,3.6643,87383
37,651.0,9.2857,90538
38,630.0,7.447,93062
39,357.0,3.9697,94299
40,630.0,9.1379,97359
41,399.0,6.4634,99510
42,651.0,9.8246,102773
43,588.0,5.6439,104633
44,483.0,6.4557,106793
45,462.0,6.3346,108847
46,609.0,6.9802,111151
47,294.0,4.9296,112780
48,651.0,8.1848,115499
49,630.0,8.2599,118162
50,630.0,7.5174,120664
51,525.0,7.5041,123195
52,441.0,7.3431,125524
53,504.0,5.7368,127385
54,630.0,10.0734,130775
55,630.0,11.5325,134515
56,693.0,8.4048,137343
57,483.0,5.1298,139001
58,441.0,7.5101,141486
59,420.0,5.7736,143370
60,651.0,7.6923,145933
61,651.0,11.6219,149877
62,588.0,8.4412,152689
63,651.0,9.3153,155812
64,672.0,7.3172,158236
65,504.0,5.9454,160151
66,525.0,7.5967,162627
67,546.0,9.0895,165705
68,672.0,9.8291,168453
69,546.0,8.1442,170923
70,630.0,10.9058,174595
71,630.0,8.5912,177502
72,357.0,5.2331,179200
73,462.0,6.6243,181418
74,189.0,2.5521,183996
75,546.0,8.2588,186744
76,630.0,7.4748,189229
77,672.0,8.3984,192063
78,651.0,6.58,194217
79,441.0,5.6683,196085
80,315.0,5.2664,197818
81,336.0,4.8548,199378
82,315.0,4.5433,200000
83,273.0,3.6095,200000
84,588.0,8.4388,200000
85,630.0,9.1038,200000
86,588.0,7.9694,2000001,399.0,3.8694,1580
2,546.0,6.9608,4540
3,399.0,4.8901,6624
4,399.0,4.7617,8693
5,651.0,6.7814,11700
6,105.0,3.4399,12516
7,378.0,5.7889,14378
8,609.0,7.2056,16696
9,714.0,8.4497,19483
10,525.0,6.6142,21707
11,546.0,9.9211,24920
12,315.0,3.6843,26056
13,504.0,6.4806,28194
14,273.0,3.937,29468
15,588.0,8.8116,32364
16,273.0,5.9858,34244
17,336.0,4.1085,35555
18,651.0,6.8326,37808
19,588.0,9.7749,41135
20,651.0,8.6254,44023
21,546.0,8.9277,47042
22,525.0,6.2969,49128
23,357.0,5.2005,50839
24,462.0,7.5145,53367
25,651.0,8.8635,56375
26,651.0,8.9113,59313
27,672.0,7.4324,61800
28,147.0,3.4935,62820
29,651.0,7.4891,65332
30,378.0,4.9155,66901
31,588.0,6.7786,69153
32,567.0,6.5482,71328
33,231.0,4.819,72897
34,483.0,6.4121,75023
35,651.0,8.9608,78085
36,609.0,9.6639,81132
37,693.0,11.0962,84461
38,609.0,7.215,86895
39,378.0,5.2074,88610
40,315.0,4.1249,89939
41,336.0,5.8183,91857
42,483.0,6.1977,93922
43,399.0,5.4808,95753
44,210.0,4.0637,97065
45,651.0,10.2219,100497
46,336.0,5.1764,102165
47,315.0,4.0925,103470
48,525.0,7.452,105933
49,462.0,5.5652,107796
50,651.0,11.5834,111646
51,588.0,9.2304,114656
52,693.0,8.2,117417
53,588.0,7.8682,120108
54,441.0,5.7297,121864
55,588.0,9.575,124085
56,420.0,6.7223,126269
57,546.0,6.7185,128534
58,630.0,8.6353,131473
59,630.0,10.8512,135068
60,483.0,6.7725,137306
61,567.0,6.0124,139292
62,672.0,7.5946,141843
63,609.0,9.7696,145102
64,357.0,5.4154,146895
65,441.0,5.4238,148684
66,672.0,9.1594,151769
67,546.0,6.0254,153750
68,630.0,9.0599,156783
69,315.0,4.9008,158373
70,399.0,6.3449,160444
71,672.0,7.9007,163088
72,630.0,9.1885,166171
73,609.0,8.4887,168981
74,399.0,6.4581,171128
75,336.0,4.6536,172662
76,399.0,6.2896,174790
77,651.0,6.843,177048
78,693.0,8.2933,179899
79,630.0,8.1508,182656
80,378.0,6.1792,184705
81,420.0,6.8845,187020
82,630.0,8.1389,189783
83,609.0,11.5516,193743
84,651.0,9.0159,196718
85,252.0,2.8084,197568
86,630.0,8.4886,200000
87,504.0,5.9443,200000
88,336.0,4.9799,200000
89,651.0,7.1581,200000
90,630.0,9.5897,200000
91,378.0,6.7161,200000
92,420.0,7.1573,200000
93,546.0,6.186,200000
94,483.0,9.1643,200000
95,651.0,9.6569,200000
96,294.0,5.752,200000
97,399.0,6.1448,200000
98,189.0,2.9102,200000
99,630.0,9.3877,200000
100,420.0,7.4231,200000
101,714.0,8.6752,200000
102,672.0,7.8875,200000
103,630.0,7.8062,200000
104,273.0,5.3759,200000
105,504.0,6.9586,200000
106,651.0,9.7008,200000
107,546.0,7.8167,200000
108,651.0,11.6255,200000
109,630.0,6.4477,200000
110,630.0,7.8419,200000
111,609.0,10.8035,200000
112,399.0,5.4856,200000
113,273.0,5.2258,200000
114,525.0,7.3384,200000
115,189.0,2.4661,200000
116,651.0,8.6967,200000
117,567.0,7.7475,200000
118,651.0,7.8379,200000
119,504.0,5.7993,200000
120,483.0,5.4445,200000
121,756.0,11.3888,200000
122,672.0,9.7871,200000
123,609.0,8.2569,200000
124,525.0,5.8776,200000
125,567.0,8.8921,200000
126,378.0,5.2436,200000
127,546.0,6.9317,200000
128,525.0,6.0641,200000
129,651.0,9.1804,200000
130,630.0,9.4266,200000
131,609.0,9.8401,200000
132,588.0,7.967,200000
133,399.0,6.6229,200000
134,672.0,7.6308,200000
135,357.0,7.6836,200000
136,315.0,6.4023,200000
137,420.0,5.006,200000
138,504.0,8.7854,200000
139,609.0,8.4372,200000
140,630.0,9.0113,200000
141,84.0,3.3158,200000
142,315.0,6.0733,200000
143,483.0,7.505,200000
144,399.0,4.9817,200000
145,630.0,7.992,200000
146,189.0,2.7432,200000
147,651.0,10.1156,200000
148,651.0,12.6426,200000
149,462.0,8.0563,200000
150,483.0,6.7162,200000
151,462.0,6.1885,200000
152,231.0,4.0766,200000
153,504.0,6.0822,200000
154,630.0,8.529,200000
155,609.0,10.3952,200000
156,504.0,5.485,200000
157,672.0,10.5424,200000
158,462.0,5.9512,200000
159,609.0,7.154,200000
160,525.0,8.8883,200000
161,609.0,6.3556,200000
162,651.0,11.1089,200000
163,504.0,6.3395,200000
164,651.0,9.6008,200000
165,609.0,8.3279,200000
166,126.0,2.8879,200000
167,672.0,7.6465,200000
168,420.0,7.7803,200000
169,693.0,9.9471,200000
170,294.0,5.2027,200000
171,399.0,6.5295,200000
172,546.0,6.4477,200000
173,609.0,9.9048,200000
174,399.0,7.1953,200000
175,420.0,7.2463,200000
176,525.0,7.963,200000
177,609.0,7.8258,200000
178,357.0,5.9692,200000
179,651.0,10.0586,200000
180,483.0,6.9264,200000
181,735.0,9.2387,200000
182,567.0,8.6853,200000
183,630.0,10.3939,200000
184,651.0,8.9276,200000
185,399.0,4.7405,200000
186,483.0,7.578,200000
187,630.0,9.486,200000
188,378.0,4.1702,200000
189,483.0,5.0122,200000
190,609.0,10.2344,200000
191,525.0,6.3441,200000
192,210.0,3.1131,200000
193,630.0,9.0465,200000
194,546.0,8.0164,200000
195,651.0,7.9464,200000
196,252.0,5.3066,200000
197,588.0,8.5667,200000
198,525.0,6.9257,200000
199,252.0,4.3439,200000
200,399.0,6.1328,200000
201,441.0,5.6636,200000
202,609.0,9.186,200000
203,441.0,6.5594,200000
204,462.0,8.0582,200000
205,672.0,7.7444,200000
206,651.0,7.3004,200000
207,651.0,7.6197,200000
208,651.0,9.7164,200000
209,630.0,8.5596,200000
210,651.0,7.173,200000
211,504.0,6.2192,200000
212,378.0,7.2612,200000
213,630.0,8.4811,200000
214,672.0,9.174,200000
215,504.0,8.0006,200000
216,630.0,10.9872,200000
217,588.0,7.7255,200000
218,357.0,5.3466,200000
219,252.0,4.4912,200000
220,420.0,5.6291,200000
221,651.0,9.93,200000
222,378.0,5.06,200000
223,378.0,7.621,200000
224,441.0,7.0305,200000
225,630.0,7.1138,200000
226,714.0,9.3117,200000
227,273.0,3.0741,200000
228,630.0,8.2937,200000
229,483.0,6.1644,200000
230,546.0,7.5902,200000
231,483.0,6.5357,200000
232,651.0,8.9327,200000
233,357.0,5.3557,200000
234,630.0,9.7485,200000
235,420.0,5.9448,200000
236,252.0,3.8939,200000
237,651.0,8.4844,200000
238,252.0,5.0354,200000
239,483.0,7.3642,200000
240,294.0,5.0099,200000
241,609.0,9.5012,200000
242,651.0,10.0387,200000
243,126.0,2.446,200000
244,651.0,9.2959,200000
245,609.0,6.1505,200000
246,609.0,9.2509,200000
247,609.0,8.9948,200000
248,378.0,5.9748,200000
249,588.0,7.4955,200000
250,609.0,7.106,200000
251,651.0,7.0887,200000
252,609.0,7.8842,200000
253,399.0,6.9011,200000
254,651.0,8.0405,200000
255,651.0,7.276,200000
256,630.0,9.4326,200000
257,399.0,5.1908,200000
258,630.0,7.2688,200000
259,378.0,5.6209,200000
260,378.0,5.1874,200000
261,252.0,5.0609,200000
262,168.0,2.8991,200000
263,483.0,7.2987,200000
264,651.0,10.4076,200000
265,462.0,6.0482,200000
266,609.0,8.8417,200000
267,672.0,7.7089,200000
268,630.0,9.3285,200000
269,399.0,4.861,200000
270,315.0,3.9309,200000
271,567.0,5.4001,200000
272,378.0,4.3895,200000
273,546.0,7.0108,200000
274,399.0,6.2278,200000
275,420.0,5.3452,200000
276,399.0,5.4789,200000
277,630.0,7.9175,200000
278,630.0,8.0599,200000
279,651.0,8.6903,200000
280,546.0,6.429,200000
281,567.0,8.1336,200000
282,672.0,9.6512,200000
283,210.0,4.9664,200000
284,630.0,8.5178,200000
285,273.0,5.4421,200000
286,273.0,4.8364,200000
287,462.0,7.2879,200000
288,630.0,8.8692,200000
289,630.0,7.8322,200000
290,651.0,7.3231,200000
291,399.0,5.1426,200000
292,252.0,3.3769,200000
293,399.0,5.0848,200000
294,378.0,8.8053,200000
295,651.0,9.6846,200000
296,651.0,10.6509,200000
297,651.0,9.0205,200000
298,567.0,9.0163,200000
299,630.0,8.076,200000
300,609.0,8.3268,200000
301,420.0,6.9354,200000
302,420.0,6.3083,200000
303,630.0,11.4144,200000
304,651.0,9.2526,200000
305,609.0,10.3944,200000
306,819.0,7.7565,200000
307,420.0,6.5954,200000
308,651.0,8.7117,200000
309,630.0,8.7073,200000
310,399.0,6.4469,200000
311,609.0,11.5161,200000
312,357.0,5.3172,200000
313,672.0,8.7656,200000
314,630.0,8.1546,200000
315,609.0,6.7195,200000
316,378.0,5.1651,200000
317,357.0,5.0332,200000
318,609.0,7.8695,200000
319,588.0,7.4913,200000
320,273.0,5.8705,200000
321,567.0,8.1867,200000
322,672.0,7.269,200000
323,420.0,4.7177,200000
324,399.0,6.8826,200000
325,336.0,5.0835,200000
326,735.0,9.04,200000
327,294.0,5.2975,200000
328,546.0,5.724,200000
329,399.0,5.1809,200000
330,630.0,8.1133,200000
331,630.0,10.1686,200000
332,336.0,5.6084,200000
333,630.0,8.755,200000
334,525.0,8.9479,200000
335,693.0,7.7648,200000
336,483.0,7.4932,200000
337,378.0,4.6294,200000
338,609.0,11.0454,200000
339,399.0,8.3712,200000
340,588.0,7.9028,200000
341,630.0,7.2811,200000
342,546.0,6.521,200000
343,609.0,10.2425,200000
344,189.0,4.3977,200000
345,504.0,8.5516,200000
346,630.0,10.5967,200000
347,399.0,6.2717,200000
348,462.0,6.4896,200000
349,525.0,10.4361,200000
350,504.0,6.7375,200000
351,273.0,4.2145,200000
352,672.0,7.0152,200000
353,504.0,6.9239,200000
354,714.0,8.8199,200000
355,630.0,9.3705,200000
356,714.0,10.9723,200000
357,630.0,8.9178,200000
358,504.0,8.8661,200000
359,693.0,9.3732,200000
360,483.0,9.1267,200000
361,252.0,4.0661,200000
362,567.0,7.7223,200000
363,651.0,9.5348,200000
364,672.0,7.9497,200000
365,630.0,9.7776,200000
366,378.0,6.7411,200000
367,630.0,7.9925,200000
368,525.0,7.0038,200000
369,630.0,9.9586,200000
370,630.0,7.6926,200000
371,336.0,4.7523,200000
372,483.0,7.0923,200000
373,651.0,8.2834,200000
374,651.0,8.7777,200000
375,504.0,6.7016,200000
376,588.0,7.4865,200000
377,378.0,6.2691,200000
378,399.0,5.4772,200000
379,630.0,12.8888,200000
380,672.0,8.1205,200000
381,651.0,11.6617,200000
382,315.0,5.5496,200000
383,483.0,8.8454,200000
384,315.0,3.6169,200000
385,651.0,9.0854,200000
386,504.0,6.5997,200000
387,651.0,6.5577,200000
388,462.0,5.9208,200000
389,462.0,7.8664,200000
390,651.0,7.8988,200000
391,630.0,7.2984,200000
392,651.0,8.3149,200000
393,399.0,5.7446,200000
394,630.0,8.5573,200000
395,420.0,5.4214,200000
396,630.0,8.9157,200000
397,462.0,8.4096,200000
398,714.0,8.3011,200000
399,630.0,9.5978,200000
400,672.0,10.0605,200000
401,462.0,6.7872,200000
402,651.0,6.8025,200000
403,189.0,4.9639,200000
404,357.0,4.7729,200000
405,441.0,7.803,200000
406,294.0,4.4699,200000
407,273.0,5.7449,200000
408,651.0,11.4808,200000
409,672.0,6.5612,200000
410,588.0,6.9687,200000
411,483.0,8.0941,200000
412,420.0,5.9775,200000
413,630.0,9.3226,200000
414,231.0,5.1254,200000
415,420.0,6.4205,200000
416,546.0,8.9999,200000
417,630.0,8.8644,200000
418,609.0,8.4971,200000
419,672.0,8.3548,200000
420,336.0,7.408,200000
421,462.0,6.0778,200000
422,378.0,5.6442,200000
423,420.0,6.8641,200000
424,357.0,4.3291,200000
425,483.0,6.7358,200000
426,672.0,8.6699,200000
427,441.0,7.1695,200000
428,630.0,6.6543,200000
429,651.0,9.7195,200000
430,294.0,5.195,200000
431,294.0,5.0464,200000
432,441.0,6.2327,200000
433,336.0,5.3782,200000
434,294.0,4.1769,200000
435,672.0,7.9702,200000
436,462.0,7.1,200000
437,651.0,10.5086,200000
438,630.0,10.1544,200000
439,336.0,5.5436,200000
440,504.0,8.0603,200000
441,252.0,4.9406,200000
442,630.0,9.7433,200000
443,651.0,9.6704,200000
444,399.0,5.7431,200000
445,420.0,6.4436,200000
446,651.0,10.9804,200000
447,462.0,5.2916,200000
448,651.0,8.2246,200000
449,567.0,9.3363,200000
450,630.0,6.6117,200000
451,609.0,7.5887,200000
452,693.0,12.5374,200000
453,273.0,3.5706,200000
454,315.0,5.7086,200000
455,420.0,6.9449,200000
456,336.0,4.2564,200000
457,651.0,8.7078,200000
458,630.0,9.2016,200000
459,441.0,5.6696,200000
460,462.0,7.0687,200000
461,672.0,10.874,200000
462,693.0,14.944,200000
463,651.0,9.6123,200000
464,378.0,7.8218,200000
465,483.0,6.7576,200000
466,588.0,8.0939,200000
467,357.0,6.5458,200000
468,630.0,7.4365,200000
469,630.0,9.6263,200000
470,546.0,6.8246,200000
471,504.0,6.8213,200000
472,441.0,8.1425,200000
473,168.0,2.7799,200000
474,483.0,6.7286,200000
475,630.0,10.7336,200000
476,609.0,10.3657,200000
477,378.0,6.0903,200000
478,651.0,9.1626,200000
479,315.0,5.0253,200000
480,630.0,6.1995,200000
481,210.0,4.8781,200000
482,399.0,4.4093,200000
483,588.0,10.0871,200000
484,273.0,6.6435,200000
485,294.0,4.3193,200000
486,693.0,8.7976,200000
487,693.0,10.3565,200000
488,630.0,10.5125,200000
489,567.0,9.1544,200000
490,399.0,6.5926,200000
491,630.0,9.1742,200000
492,441.0,7.1695,200000
493,630.0,8.7697,200000
494,357.0,6.9737,200000
495,630.0,9.1275,200000
496,294.0,5.6878,200000
497,630.0,9.4176,200000
498,630.0,6.8989,200000
499,672.0,8.3003,200000
500,630.0,7.5261,200000
501,336.0,6.6165,200000
502,504.0,8.3979,200000
503,630.0,10.0014,200000
504,651.0,9.2576,200000
505,252.0,3.7857,200000
506,672.0,9.3462,200000
507,651.0,8.3212,200000
508,630.0,11.1458,200000
509,588.0,9.3747,200000
510,651.0,9.5242,200000
511,693.0,7.6376,200000
512,399.0,7.537,200000
513,441.0,6.814,200000
514,546.0,7.6213,200000
515,294.0,4.3589,200000
516,630.0,9.7831,200000
517,420.0,5.9673,200000
518,441.0,6.8149,200000
519,651.0,8.3771,200000
520,546.0,6.9741,200000
521,651.0,8.4696,200000
522,399.0,5.466,200000
523,609.0,9.1318,200000
524,651.0,9.9435,200000
525,630.0,10.1641,200000
526,399.0,7.1324,200000
527,609.0,7.1458,200000
528,504.0,6.8822,200000
529,294.0,5.149,200000
530,672.0,10.5571,200000
531,504.0,6.0734,200000
532,504.0,8.8967,200000
533,462.0,6.571,200000
534,588.0,7.4853,200000
535,651.0,6.4104,200000
536,378.0,5.7994,200000
537,462.0,5.6032,200000
538,378.0,5.4739,200000
539,483.0,7.5444,200000
540,630.0,8.2514,200000
541,231.0,5.636,200000
542,525.0,7.3271,200000
543,651.0,8.9055,200000
544,357.0,4.74,200000
545,609.0,6.3822,200000
546,378.0,5.381,200000
547,630.0,9.5996,200000
548,294.0,5.7421,200000
549,378.0,9.7831,200000
550,609.0,11.6129,200000
551,399.0,5.0276,200000
552,672.0,9.1835,200000
553,672.0,7.0835,200000
554,651.0,11.6955,200000
555,525.0,6.8116,200000
556,210.0,2.4465,200000
557,651.0,8.9384,200000
558,672.0,6.6994,200000
559,462.0,8.6097,200000
560,504.0,5.866,200000
561,147.0,3.0275,200000
562,231.0,6.1759,200000
563,630.0,10.9127,200000
564,441.0,6.6688,200000
565,420.0,5.9349,200000
566,336.0,5.7281,200000
567,630.0,8.1607,200000
568,441.0,6.0397,200000
569,336.0,3.9578,200000
570,126.0,1.6905,200000
571,462.0,4.3907,200000
572,651.0,7.3194,200000
573,672.0,10.2798,200000
574,651.0,8.4886,200000
575,546.0,8.592,200000
576,420.0,5.4002,200000
577,399.0,4.2123,200000
578,504.0,4.5412,200000
579,651.0,10.8402,200000
580,504.0,5.3269,200000
581,630.0,12.865,200000
582,609.0,6.3733,200000
583,672.0,8.624,200000
584,651.0,10.1525,200000
585,588.0,6.7053,200000
586,651.0,8.3549,200000
587,630.0,10.8846,200000
588,672.0,10.2884,200000
589,462.0,9.4676,200000
590,378.0,3.9341,200000
591,315.0,5.2122,200000
592,651.0,8.1631,200000
593,462.0,7.3575,200000
594,672.0,7.2618,200000
595,483.0,6.1864,200000
596,546.0,6.2556,200000
597,672.0,6.6536,200000
598,294.0,7.5013,200000
599,462.0,7.4353,200000
600,567.0,7.3195,200000
601,462.0,7.2281,200000
602,609.0,9.816,200000
603,609.0,8.4294,200000
604,399.0,5.1295,200000
605,525.0,5.2948,200000
606,189.0,3.4822,200000
607,126.0,2.2592,200000
608,462.0,5.9323,200000
609,609.0,7.6021,200000
610,630.0,8.4408,200000
611,441.0,4.7489,200000
612,630.0,10.8631,200000
613,189.0,4.4617,200000
614,672.0,8.4744,200000
615,504.0,8.0462,200000
616,630.0,11.4189,200000
617,525.0,8.09,200000
618,273.0,5.1082,200000
619,420.0,6.5349,200000
620,462.0,6.3615,200000
621,399.0,5.209,200000
622,252.0,5.2798,200000
623,609.0,9.5994,200000
624,504.0,8.6377,200000
625,651.0,7.3135,200000
626,588.0,7.4336,200000
627,567.0,6.0761,200000
628,567.0,6.9873,200000
629,630.0,7.9101,200000
630,651.0,10.6729,200000
631,378.0,4.5605,200000
632,210.0,4.8121,200000
633,609.0,12.4316,200000
634,441.0,6.7372,200000
635,441.0,5.5456,200000
636,525.0,7.625,200000
637,651.0,10.11,200000
638,630.0,7.7789,200000
639,630.0,9.1481,200000
640,441.0,7.0164,200000
641,546.0,6.8968,200000
642,630.0,9.0508,200000
643,420.0,6.0117,200000
644,336.0,3.3935,200000
645,420.0,5.1659,200000
646,252.0,5.7462,200000
647,483.0,8.408,200000
648,378.0,5.2654,200000
649,651.0,9.4806,200000
650,651.0,7.3671,200000
651,252.0,3.75,200000
652,441.0,6.4311,200000
653,630.0,8.3182,200000
654,672.0,7.3843,200000
655,399.0,4.7223,200000
656,399.0,5.4141,200000
657,399.0,6.9874,200000
658,630.0,8.9159,200000
659,483.0,6.1244,200000
660,735.0,8.8308,200000
661,147.0,1.9491,200000
662,567.0,6.1114,200000
663,441.0,7.1656,200000
664,441.0,5.8568,200000
665,630.0,9.4767,200000
666,546.0,6.8533,200000
667,399.0,4.9797,200000
668,630.0,7.9476,200000
669,462.0,5.7923,200000
670,525.0,8.6203,200000
671,651.0,12.1695,200000
672,546.0,8.0676,200000
673,630.0,7.6011,200000
674,651.0,8.4151,200000
675,651.0,9.675,200000
676,462.0,8.0948,200000
677,378.0,4.5398,200000
678,336.0,6.1333,200000
679,651.0,8.8777,200000
680,630.0,8.9822,200000
681,672.0,7.7532,200000
682,609.0,8.4833,200000
683,399.0,4.2234,200000
684,483.0,8.0387,200000
685,651.0,6.6637,200000
686,630.0,8.9751,200000
687,630.0,9.9986,200000
688,630.0,9.3149,200000
689,483.0,5.6363,200000
690,567.0,6.6192,200000
691,609.0,6.9605,200000
692,630.0,8.0608,200000
693,651.0,8.1697,200000
694,630.0,8.4603,200000
695,420.0,7.4363,200000
696,546.0,6.8569,200000
697,567.0,8.8914,200000
698,441.0,5.3454,200000
699,357.0,5.2641,200000
700,609.0,9.8715,200000
701,252.0,3.8934,200000
702,378.0,4.9988,200000
703,609.0,8.5579,200000
704,609.0,8.6882,200000
705,693.0,8.6461,200000
706,693.0,7.8312,200000
707,588.0,7.1494,200000
708,588.0,8.3667,200000
709,294.0,5.0265,200000
710,567.0,9.5485,200000
711,378.0,6.5719,200000
712,630.0,9.9293,200000
713,651.0,8.7759,200000
714,315.0,4.5977,200000
715,504.0,6.8697,200000
716,693.0,8.98,200000
717,672.0,7.5489,200000
718,651.0,12.2533,200000
719,525.0,6.9845,200000
720,210.0,4.3857,200000
721,630.0,8.2625,200000
722,588.0,7.7095,200000
723,483.0,5.5604,200000
724,483.0,7.4209,200000
725,504.0,6.2852,200000
726,651.0,9.1574,200000
727,231.0,2.5139,200000
728,231.0,4.6457,200000
729,567.0,6.5852,200000
730,609.0,10.0603,200000
731,735.0,9.7766,200000
732,462.0,7.9998,200000
733,630.0,9.8043,200000
734,483.0,7.6507,200000
735,483.0,6.4985,200000
736,378.0,5.8809,200000
737,294.0,4.359,200000
738,483.0,7.6873,200000
739,399.0,4.3813,200000
740,588.0,8.2326,200000
741,567.0,7.2567,200000
742,294.0,4.2443,200000
743,609.0,8.6292,200000
744,630.0,6.7773,200000
745,357.0,4.8365,200000
746,378.0,4.6417,200000
747,462.0,7.0179,200000
748,609.0,7.0192,200000
749,252.0,4.6107,200000
750,672.0,8.368,200000
751,357.0,4.7749,200000
752,609.0,10.4829,200000
753,609.0,7.4034,200000
754,588.0,8.8014,200000
755,420.0,7.1503,200000
756,651.0,8.6357,200000
757,630.0,8.5126,200000
758,441.0,8.353,200000
759,483.0,8.1468,200000
760,651.0,8.4568,200000
761,651.0,11.3685,200000
762,273.0,3.8628,200000
763,609.0,8.6708,200000
764,609.0,9.2834,200000
765,504.0,7.3115,200000
766,672.0,8.1391,200000
767,693.0,9.3616,200000
768,672.0,8.8048,200000
769,252.0,4.3947,200000
770,462.0,6.7129,200000
771,546.0,8.5684,200000
772,189.0,2.4853,200000
773,441.0,6.8766,200000
774,609.0,15.1318,200000
775,609.0,7.4338,200000
776,651.0,8.8109,200000
777,735.0,8.8635,200000
778,588.0,6.873,200000
779,651.0,8.4988,200000
780,630.0,9.937,200000
781,672.0,9.6341,200000
782,462.0,7.8833,200000
783,525.0,8.6021,200000
784,630.0,10.689,200000
785,483.0,7.0129,200000
786,399.0,7.436,200000
787,420.0,6.3555,200000
788,378.0,5.5036,200000
789,630.0,8.6909,200000
790,714.0,7.6333,200000
791,483.0,7.4288,200000
792,588.0,8.2832,200000
793,651.0,8.9349,200000
794,630.0,10.6139,200000
795,441.0,5.948,200000
796,672.0,9.2866,200000
797,630.0,9.9335,200000
798,630.0,8.3739,200000
799,399.0,4.8797,200000
800,672.0,7.4185,200000
801,483.0,7.1444,200000
802,693.0,9.3563,200000
803,672.0,8.7438,200000
804,462.0,5.4278,200000
805,609.0,8.8159,200000
806,714.0,7.3259,200000
807,651.0,13.1938,200000
808,210.0,2.3981,200000
809,630.0,9.9912,200000
810,420.0,7.4031,200000
811,378.0,7.2005,200000
812,672.0,9.2369,200000
813,378.0,6.7061,200000
814,462.0,5.6266,200000
815,315.0,4.0965,200000
816,567.0,8.5679,200000
817,336.0,3.9352,200000
818,651.0,7.5795,200000
819,504.0,7.2413,200000
820,567.0,7.2959,200000
821,273.0,6.8024,200000
822,630.0,8.9062,200000
823,567.0,8.3647,200000
824,630.0,8.7096,200000
825,399.0,5.9632,200000
826,567.0,7.7876,200000
827,273.0,4.845,200000
828,609.0,11.6906,200000
829,399.0,5.2891,200000
830,231.0,2.8714,200000
831,651.0,8.2558,200000
832,693.0,9.5883,200000
833,672.0,11.1735,200000
834,483.0,4.9505,200000
835,693.0,7.9751,200000
836,399.0,6.8673,200000
837,567.0,9.0322,200000
838,546.0,12.7963,200000
839,399.0,5.2012,200000
840,420.0,5.7398,200000
841,630.0,9.2092,200000
842,336.0,4.6921,200000
843,630.0,9.8459,200000
844,672.0,9.5842,200000
845,378.0,6.2275,200000
846,651.0,9.6569,200000
847,651.0,10.1327,200000
848,168.0,2.7154,200000
849,147.0,2.336,200000
850,630.0,9.3865,200000
851,609.0,8.1834,200000
852,630.0,8.3954,200000
853,504.0,6.6726,200000
854,525.0,6.6664,200000
855,567.0,7.2386,200000
856,630.0,8.6347,200000
857,672.0,8.1575,200000
858,672.0,8.7978,200000
859,504.0,8.6026,200000
860,357.0,5.2236,200000
861,231.0,3.9694,200000
862,483.0,7.9904,200000
863,630.0,8.3232,200000
864,609.0,9.9145,200000
865,231.0,2.9064,200000
866,420.0,7.3681,200000
867,399.0,6.2608,200000
868,630.0,9.7673,200000
869,399.0,8.3108,200000
870,378.0,5.3754,200000
871,357.0,6.8056,200000
872,672.0,9.1907,200000
873,588.0,7.2477,200000
874,441.0,6.2898,200000
875,630.0,8.5109,200000
876,693.0,7.4237,200000
877,357.0,4.6436,200000
878,357.0,5.1837,200000
879,378.0,4.8905,200000
880,399.0,5.7399,200000
881,651.0,8.8589,200000
882,483.0,8.0,200000
883,252.0,5.3617,200000
884,525.0,6.8071,200000
885,441.0,5.6192,200000
886,672.0,10.4392,200000
887,651.0,7.3717,200000
888,672.0,7.8436,200000
889,462.0,6.9574,200000
890,609.0,8.5728,200000
891,525.0,8.0668,200000
892,651.0,13.084,200000
893,651.0,7.2788,200000
894,504.0,5.4953,200000
895,525.0,7.5842,200000
896,693.0,10.0298,200000
897,609.0,7.8386,200000
898,252.0,5.6085,200000
899,651.0,9.3947,200000
900,504.0,7.0267,200000
901,630.0,8.7449,200000
902,441.0,6.4288,200000
903,231.0,5.1276,200000
904,609.0,6.7216,200000
905,462.0,4.6649,200000
906,609.0,7.9485,200000
907,504.0,6.3104,200000
908,483.0,6.505,200000
909,672.0,8.9658,200000
910,567.0,7.1259,200000
911,651.0,9.1829,200000
912,630.0,8.2253,200000
913,672.0,10.1422,200000
914,693.0,9.6462,200000
915,399.0,7.8483,200000
916,609.0,7.1518,200000
917,294.0,4.5784,200000
918,525.0,7.8979,200000
919,252.0,7.981,200000
920,588.0,8.6577,200000
921,693.0,6.9415,200000
922,483.0,7.8726,200000
923,462.0,7.7718,200000
924,630.0,9.7313,200000
925,693.0,11.1628,200000
926,252.0,2.9596,200000
927,630.0,8.7453,200000
928,546.0,7.5094,200000
929,588.0,8.7132,200000
930,609.0,10.188,200000
931,378.0,5.6499,200000
932,651.0,11.9942,200000
933,651.0,10.8109,200000
934,672.0,10.8858,200000
935,525.0,6.9891,200000
936,420.0,6.6436,200000
937,231.0,3.243,200000
938,630.0,7.903,200000
939,315.0,6.063,200000
940,357.0,5.2677,200000
941,504.0,6.6811,200000
942,504.0,7.4649,200000
943,630.0,9.8209,200000
944,693.0,9.0302,200000
945,651.0,7.7406,200000
946,588.0,8.8007,200000
947,399.0,5.4058,200000
948,693.0,6.3408,200000
949,714.0,9.2722,200000
950,651.0,8.1148,200000
951,672.0,8.8599,200000
952,294.0,4.8801,200000
953,525.0,6.7473,200000
954,357.0,3.3424,200000
955,420.0,6.6552,200000
956,399.0,5.2328,200000
957,399.0,6.8945,200000
958,630.0,10.3946,200000
959,651.0,9.4975,200000
960,672.0,8.1119,200000
961,231.0,4.732,200000
962,399.0,4.9784,200000
963,609.0,7.1688,200000
964,609.0,9.1653,200000
965,630.0,8.5796,200000
966,399.0,6.6375,200000
967,441.0,6.1243,200000
968,420.0,5.9687,200000
969,609.0,5.6864,200000
970,126.0,2.0637,200000
971,273.0,5.2375,200000
972,336.0,6.3109,200000
973,504.0,6.3089,200000
974,483.0,8.1764,200000
975,546.0,6.4036,200000
976,483.0,7.3952,200000
977,630.0,7.6647,200000
978,609.0,7.8941,200000
979,651.0,9.7186,200000
980,672.0,9.5296,200000
981,630.0,6.5718,200000
982,420.0,7.2984,200000
983,609.0,8.5911,200000
984,609.0,8.1145,200000
985,651.0,11.0116,200000
986,399.0,5.2487,200000
987,609.0,8.3972,200000
988,126.0,2.3582,200000
989,609.0,9.8944,200000
990,672.0,7.8635,200000
991,609.0,9.3146,200000
992,651.0,8.9075,200000
993,672.0,7.2604,200000
994,651.0,10.5227,200000
995,273.0,3.8475,200000
996,609.0,9.9877,200000
997,294.0,4.4729,200000
998,462.0,7.9143,200000
999,588.0,8.4105,200000
1000,651.0,10.8263,200000
1001,672.0,9.7628,200000
1002,105.0,3.003,200000
1003,630.0,9.2087,200000
1004,294.0,4.7941,200000
1005,315.0,6.2727,200000
1006,294.0,4.9189,200000
1007,672.0,10.1294,200000
1008,651.0,7.3319,200000
1009,210.0,3.7506,200000
1010,315.0,4.5658,200000
1011,672.0,8.334,200000
1012,378.0,6.8118,200000
1013,567.0,6.7166,200000
1014,609.0,6.3375,200000
1015,525.0,7.2254,200000
1016,189.0,4.5747,200000
1017,546.0,7.6948,200000
1018,651.0,6.74,200000
1019,231.0,5.9929,200000
1020,378.0,5.0153,200000
1021,630.0,10.7871,200000
1022,315.0,5.4768,200000
1023,651.0,8.9051,200000
1024,630.0,9.6054,200000
1025,252.0,5.8779,200000
1026,441.0,6.4861,200000
1027,651.0,9.4138,200000
1028,567.0,8.1707,200000
1029,399.0,4.9879,200000
1030,399.0,3.932,200000
1031,294.0,5.8004,200000
1032,399.0,7.0276,200000
1033,399.0,5.2853,200000
1034,483.0,7.1639,200000
1035,357.0,5.1369,200000
1036,483.0,6.9232,200000
1037,504.0,7.4953,200000
1038,630.0,8.4398,200000
1039,693.0,9.1179,200000
1040,609.0,8.7862,200000
1041,588.0,7.7815,200000
1042,651.0,8.2811,200000
1043,378.0,5.4884,200000
1044,525.0,6.9584,200000
1045,252.0,4.4701,200000
1046,588.0,8.5098,200000
1047,420.0,6.3838,200000
1048,441.0,4.8491,200000
1049,525.0,5.4594,200000
1050,294.0,3.9217,200000
1051,630.0,7.2686,200000
1052,630.0,7.9307,200000
1053,672.0,9.085,200000
1054,357.0,4.5411,200000
1055,567.0,6.2538,200000
1056,630.0,10.3804,200000
1057,294.0,4.1855,200000
1058,609.0,10.0261,200000
1059,273.0,4.2419,200000
1060,672.0,9.5541,200000
1061,651.0,10.9551,200000
1062,378.0,5.4502,200000
1063,609.0,6.8961,200000
1064,630.0,9.0875,200000
1065,483.0,6.8152,200000
1066,693.0,8.9851,200000
1067,630.0,8.0492,200000
1068,609.0,7.8079,200000
1069,630.0,9.4116,200000
1070,630.0,8.7093,200000
1071,210.0,4.902,200000
1072,609.0,7.8577,200000
1073,378.0,6.7889,200000
1074,567.0,9.2363,200000
1075,504.0,6.242,200000
1076,399.0,5.3663,200000
1077,630.0,8.3673,200000
1078,84.0,2.33,200000
1079,609.0,9.0204,200000
1080,588.0,9.3025,200000
1081,399.0,6.2366,200000
1082,609.0,7.3365,200000
1083,399.0,5.6514,200000
1084,651.0,10.3459,200000
1085,609.0,10.6254,200000
1086,525.0,10.2772,200000
1087,609.0,9.4728,200000
1088,693.0,9.2087,200000
1089,609.0,9.413,200000
1090,672.0,10.2348,200000
1091,630.0,6.1992,200000
1092,420.0,5.7579,200000
1093,651.0,9.3987,200000
1094,567.0,6.7439,200000
1095,441.0,6.9146,200000
1096,399.0,6.5315,200000
1097,609.0,8.6139,200000
1098,252.0,4.2369,200000
1099,546.0,6.9478,200000
1100,630.0,12.1266,200000
1101,672.0,9.2752,200000
1102,588.0,7.4044,200000
1103,525.0,11.9776,200000
1104,399.0,4.7518,200000
1105,357.0,6.1228,200000
1106,651.0,8.8578,200000
1107,525.0,6.9147,200000
1108,273.0,5.4967,200000
1109,714.0,10.3855,200000
1110,609.0,6.6394,200000
1111,336.0,5.1174,200000
1112,462.0,8.9002,200000
1113,651.0,11.1301,200000
1114,315.0,4.6079,200000
1115,630.0,10.2435,200000
1116,210.0,3.8307,200000
1117,189.0,4.0029,200000
1118,735.0,9.1949,200000
1119,672.0,8.0749,200000
1120,651.0,12.3484,200000
1121,630.0,9.3963,200000
1122,399.0,5.5408,200000
1123,567.0,7.7059,200000
1124,525.0,6.9813,200000
1125,399.0,5.3684,200000
1126,630.0,9.9109,200000
1127,651.0,8.4047,200000
1128,567.0,7.7297,200000
1129,525.0,7.8461,200000
1130,651.0,7.8485,200000
1131,378.0,5.3199,200000
1132,294.0,4.1633,200000
1133,378.0,7.1782,200000
1134,651.0,9.897,200000
1135,336.0,7.385,200000
1136,651.0,12.2738,200000
1137,504.0,7.31,200000
1138,651.0,10.7414,200000
1139,399.0,6.89,200000
1140,609.0,7.2998,200000
1141,567.0,7.3026,200000
1142,504.0,7.7972,200000
1143,630.0,9.2683,200000
1144,210.0,4.3495,200000
1145,609.0,9.7088,200000
1146,672.0,9.1268,200000
1147,357.0,5.0873,200000
1148,378.0,6.0538,200000
1149,546.0,6.8453,200000
1150,420.0,6.8505,200000
1151,399.0,6.4292,200000
1152,588.0,8.0986,200000
1153,231.0,5.11,200000
1154,504.0,5.9697,200000
1155,399.0,4.2383,200000
1156,336.0,4.507,200000
1157,252.0,5.491,200000
1158,399.0,5.8932,200000
1159,609.0,10.1958,200000
1160,651.0,8.0,200000
1161,546.0,8.5128,200000
1162,588.0,8.3266,200000
1163,651.0,13.665,200000
1164,630.0,8.0357,200000
1165,651.0,8.9426,200000
1166,231.0,4.7478,200000
1167,546.0,6.9885,200000
1168,609.0,7.9497,200000
1169,651.0,8.2572,200000
1170,462.0,5.2953,200000
1171,609.0,8.3486,200000
1172,378.0,4.7321,200000
1173,525.0,8.0381,200000
1174,462.0,7.2152,200000
1175,441.0,6.4153,200000
1176,504.0,4.5436,200000
1177,651.0,12.5054,200000
1178,630.0,7.708,200000
1179,609.0,7.5297,200000
1180,399.0,4.792,200000
1181,546.0,5.6477,200000
1182,294.0,4.4471,200000
1183,672.0,9.0108,200000
1184,651.0,8.4893,200000
1185,399.0,4.9212,200000
1186,252.0,4.6709,200000
1187,294.0,3.9753,200000
1188,651.0,8.6492,200000
1189,567.0,8.5181,200000
1190,504.0,6.3713,200000
1191,588.0,8.8864,200000
1192,609.0,7.1802,200000
1193,378.0,5.2477,200000
1194,672.0,6.4659,200000
1195,546.0,10.0336,200000
1196,504.0,7.8184,200000
1197,252.0,3.9191,200000
1198,441.0,5.7708,200000
1199,462.0,4.7813,200000
1200,525.0,7.4902,200000
1201,462.0,5.7726,200000
1202,546.0,6.936,200000
1203,651.0,8.9328,200000
1204,651.0,9.6423,200000
1205,420.0,7.6359,200000
1206,420.0,6.3457,200000
1207,567.0,8.6263,200000
1208,651.0,8.9783,200000
1209,651.0,9.902,200000
1210,483.0,5.0538,200000
1211,672.0,8.1935,200000
1212,483.0,6.023,200000
1213,588.0,8.2871,200000
1214,651.0,8.7699,200000
1215,630.0,8.546,200000
1216,441.0,7.5939,200000
1217,399.0,5.9646,200000
1218,609.0,8.532,200000
1219,336.0,5.6473,200000
1220,420.0,7.379,200000
1221,609.0,8.6266,200000
1222,357.0,6.4653,200000
1223,693.0,8.3906,200000
1224,546.0,8.7607,200000
1225,672.0,9.3275,200000
1226,630.0,7.5525,200000
1227,756.0,9.4603,200000
1228,399.0,5.6322,200000
1229,462.0,7.6411,200000
1230,210.0,2.3313,200000
1231,315.0,4.1716,200000
1232,546.0,7.1122,200000
1233,252.0,4.5535,200000
1234,546.0,6.6833,200000
1235,441.0,7.0099,200000
1236,357.0,6.9389,200000
1237,588.0,9.1115,200000
1238,651.0,8.8522,200000
1239,420.0,8.2274,200000
1240,189.0,2.8406,200000
1241,546.0,6.5618,200000
1242,588.0,9.1421,200000
1243,630.0,7.9463,200000
1244,357.0,6.6163,200000
1245,609.0,16.3197,200000
1246,609.0,9.0189,200000
1247,231.0,5.485,200000
1248,588.0,10.6251,200000
1249,672.0,10.7277,200000
1250,714.0,7.9899,200000
1251,651.0,9.528,200000
1252,630.0,9.2722,200000
1253,525.0,9.087,200000
1254,420.0,5.3888,200000
1255,672.0,6.4004,200000
1256,609.0,7.941,200000
1257,294.0,5.0515,200000
1258,588.0,7.1414,200000
1259,441.0,7.9546,200000
1260,399.0,4.8765,200000
1261,609.0,9.8722,200000
1262,336.0,5.7965,200000
1263,693.0,7.4415,200000
1264,651.0,8.4246,200000
1265,441.0,11.6727,200000
1266,651.0,11.9491,200000
1267,630.0,10.1496,200000
1268,357.0,5.4862,200000
1269,357.0,4.708,200000
1270,651.0,12.6448,200000
1271,609.0,8.9278,200000
1272,672.0,6.707,200000
1273,483.0,9.143,200000
1274,525.0,8.3325,200000
1275,441.0,6.9818,200000
1276,378.0,5.3002,200000
1277,651.0,8.6273,200000
1278,315.0,6.2546,200000
1279,420.0,6.951,200000
1280,588.0,7.3727,200000
1281,420.0,6.3495,200000
1282,672.0,8.2235,200000
1283,609.0,13.786,200000
1284,651.0,8.2906,200000
1285,483.0,6.0749,200000
1286,693.0,11.27,200000
1287,630.0,8.731,200000
1288,651.0,7.486,200000
1289,399.0,6.0466,200000
1290,651.0,12.3433,200000
1291,630.0,8.3303,200000
1292,651.0,8.9143,200000
1293,693.0,10.3733,200000
1294,651.0,8.6467,200000
1295,630.0,8.8806,200000
1296,420.0,9.3391,200000
1297,630.0,7.4074,200000
1298,441.0,7.1094,200000
1299,189.0,2.7095,200000
1300,588.0,8.2779,200000
1301,651.0,10.0166,200000
1302,441.0,7.4173,200000
1303,609.0,8.0237,200000
1304,147.0,2.6459,200000
1305,294.0,6.2825,200000
1306,588.0,8.6263,200000
1307,336.0,4.125,200000
1308,462.0,7.3956,200000
1309,651.0,8.487,200000
1310,672.0,9.1381,200000
1311,630.0,10.3054,200000
1312,651.0,6.7778,200000
1313,651.0,11.0678,200000
1314,693.0,8.7385,200000
1315,42.0,1.6883,200000
1316,483.0,6.7788,200000
1317,189.0,3.7656,200000
1318,630.0,8.2989,200000
1319,273.0,5.3772,200000
1320,441.0,8.0909,200000
1321,441.0,10.824,200000
1322,462.0,6.9655,200000
1323,630.0,9.0594,200000
1324,378.0,7.2572,200000
1325,672.0,8.2343,200000
1326,462.0,6.5049,200000
1327,525.0,8.6192,200000
1328,651.0,8.4367,200000
1329,630.0,7.0471,200000
1330,168.0,4.5967,200000
1331,651.0,8.6522,200000
1332,399.0,5.6027,200000
1333,609.0,8.8476,200000
1334,609.0,10.2908,200000
1335,693.0,7.9901,200000
1336,483.0,5.9945,200000
1337,651.0,9.6098,200000
1338,462.0,7.2949,200000
1339,210.0,4.4213,200000
1340,588.0,6.7533,200000
1341,399.0,7.3834,200000
1342,588.0,6.8727,200000
1343,189.0,3.7771,200000
1344,693.0,9.8938,200000
1345,525.0,5.3376,200000
1346,378.0,4.4161,200000
1347,525.0,6.8551,200000
1348,609.0,7.8607,200000
1349,630.0,6.9392,200000
1350,315.0,4.135,200000
1351,693.0,13.1675,200000
1352,504.0,7.3772,200000
1353,651.0,7.7726,200000
1354,525.0,7.6034,200000
1355,651.0,8.3168,200000
1356,651.0,9.7152,200000
1357,420.0,5.6606,200000
1358,630.0,9.0688,200000
1359,546.0,7.5117,200000
1360,189.0,4.9188,200000
1361,504.0,7.162,200000
1362,630.0,9.0597,200000
1363,630.0,9.4393,200000
1364,609.0,7.3026,200000
1365,651.0,8.128,200000
1366,630.0,8.7161,200000
1367,336.0,4.1685,200000
1368,420.0,5.8109,200000
1369,651.0,8.681,200000
1370,483.0,7.5415,200000
1371,315.0,6.0731,200000
1372,651.0,9.2837,200000
1373,630.0,7.9059,200000
1374,630.0,8.8397,200000
1375,315.0,3.6806,200000
1376,651.0,8.5163,200000
1377,462.0,5.1095,200000
1378,651.0,9.7324,200000
1379,126.0,2.2794,200000
1380,630.0,9.6974,200000
1381,630.0,7.4847,200000
1382,630.0,8.4058,200000
1383,546.0,8.3968,200000
1384,420.0,7.0645,200000
1385,567.0,10.0219,200000
1386,357.0,4.4102,200000
1387,630.0,8.5361,200000
1388,189.0,2.8002,200000
1389,693.0,8.9744,200000
1390,252.0,4.7328,200000
1391,231.0,3.557,200000
1392,483.0,7.7756,200000
1393,504.0,8.2436,200000
1394,189.0,4.4751,200000
1395,651.0,7.3448,200000
1396,567.0,7.5786,200000
1397,336.0,5.31,200000
1398,525.0,8.7664,200000
1399,378.0,4.8801,200000
1400,609.0,7.7066,200000
1401,378.0,6.0483,200000
1402,399.0,5.3558,200000
1403,462.0,7.3611,200000
1404,42.0,1.8243,200000
1405,399.0,9.4926,200000
1406,714.0,7.9884,200000
1407,630.0,7.4997,200000
1408,189.0,2.9656,200000
1409,399.0,6.4197,200000
1410,630.0,11.6356,200000
1411,504.0,6.4498,200000
1412,651.0,9.0055,200000
1413,525.0,5.9686,200000
1414,504.0,6.7176,200000
1415,714.0,9.5409,200000
1416,567.0,6.5274,200000
1417,630.0,9.1388,200000
1418,651.0,9.3421,200000
1419,630.0,7.2853,200000
1420,441.0,7.1216,200000
1421,210.0,3.7763,200000
1422,609.0,9.338,200000
1423,504.0,8.2239,200000
1424,462.0,5.9396,200000
1425,630.0,7.8145,200000
1426,525.0,5.4807,200000
1427,630.0,9.4761,200000
1428,441.0,7.5103,200000
1429,546.0,6.0133,200000
1430,399.0,5.6242,200000
1431,567.0,6.5542,200000
1432,672.0,8.8457,200000
1433,651.0,8.6603,200000
1434,672.0,8.2213,200000
1435,567.0,8.283,200000
1436,462.0,6.7619,200000
1437,504.0,6.9121,200000
1438,357.0,4.22,200000
1439,231.0,3.4239,200000
1440,504.0,8.2521,200000
1441,672.0,8.727,200000
1442,315.0,4.5984,200000
1443,504.0,6.9011,200000
1444,504.0,6.4248,200000
1445,252.0,6.138,200000
1446,420.0,6.3368,200000
1447,630.0,9.3359,200000
1448,336.0,5.1164,200000
1449,546.0,7.5774,200000
1450,630.0,9.4269,200000
1451,546.0,6.9296,200000
1452,420.0,6.3604,200000
1453,336.0,5.9305,200000
1454,294.0,4.3716,200000
1455,483.0,6.3112,200000
1456,651.0,8.7988,200000
1457,462.0,7.1204,200000
1458,651.0,9.2587,200000
1459,462.0,5.5042,200000
1460,672.0,8.6131,200000
1461,504.0,6.3657,200000
1462,672.0,10.4796,200000
1463,651.0,8.315,200000
1464,588.0,8.0079,200000
1465,504.0,5.2094,200000
1466,315.0,6.0583,200000
1467,546.0,8.6805,200000
1468,399.0,4.4905,200000
1469,609.0,10.2084,200000
1470,378.0,6.4683,200000
1471,651.0,9.1759,200000
1472,672.0,8.0369,200000
1473,714.0,8.4421,200000
1474,630.0,7.5196,200000
1475,651.0,9.8077,200000
1476,483.0,8.0424,200000
1477,525.0,6.6134,200000
1478,588.0,7.7826,200000
1479,651.0,9.0709,200000
1480,651.0,7.3795,200000
1481,588.0,8.2976,200000
1482,651.0,6.9615,200000
1483,462.0,6.5968,200000
1484,651.0,8.4425,200000
1485,567.0,9.2347,200000
1486,336.0,7.3511,200000
1487,231.0,3.9935,200000
1488,399.0,5.8942,200000
1489,546.0,8.2091,200000
1490,378.0,5.0393,200000
1491,609.0,10.1341,200000
1492,588.0,7.8419,200000
1493,651.0,7.5488,200000
1494,378.0,7.0676,200000
1495,378.0,6.6485,200000
1496,651.0,9.6713,200000
1497,189.0,3.3217,200000
1498,399.0,5.3304,200000
1499,609.0,6.2488,200000
1500,609.0,9.3289,200000
1501,630.0,6.5476,200000
1502,399.0,4.2666,200000
1503,567.0,7.923,200000
1504,588.0,9.0436,200000
1505,336.0,5.2947,200000
1506,630.0,7.4315,200000
1507,651.0,11.539,200000
1508,651.0,8.593,200000
1509,651.0,10.2049,200000
1510,630.0,7.9053,200000
1511,399.0,7.7634,200000
1512,609.0,8.1169,200000
1513,651.0,8.3043,200000
1514,252.0,3.8591,200000
1515,399.0,6.1582,200000
1516,609.0,7.9381,200000
1517,357.0,6.6024,200000
1518,462.0,6.4375,200000
1519,567.0,6.8477,200000
1520,399.0,5.4551,200000
1521,399.0,5.9071,200000
1522,147.0,4.896,200000
1523,630.0,10.1521,200000
1524,273.0,6.2249,200000
1525,504.0,6.9428,200000
1526,651.0,10.1167,200000
1527,441.0,5.3712,200000
1528,630.0,8.7641,200000
1529,609.0,9.4749,200000
1530,483.0,7.149,200000
1531,336.0,4.4754,200000
1532,588.0,7.9004,200000
1533,462.0,6.1622,200000
1534,651.0,8.192,200000
1535,189.0,3.2286,200000
1536,651.0,8.795,200000
1537,588.0,9.0266,200000
1538,525.0,5.9899,200000
1539,294.0,3.6236,200000
1540,504.0,6.7207,200000
1541,420.0,6.228,200000
1542,651.0,7.0846,200000
1543,588.0,8.6964,200000
1544,336.0,4.687,200000
1545,399.0,5.0874,200000
